"Sender, Recipient, Date 1","Sender, Recipient, Date 2",generated
Sam Houston,J. Pinckney Henderson,0
James Webb,Alc6e La Branche,1
David G. Burnet,Richard G. Dunlap,2
Nathaniel Amory,Richard G. Dunlap,3
David G. Burnet,Richard G. Dunlap,4
T. Dunlap,Richard G. Dunlap,5
Nathaniel Amory,Richard G. Dunlap,6
John Emberson,Albert Sidney Johnston,7
David G. Burnet,Alc6e La Branche,8
David G. Burnet,Alc6e La Branche,9
David G. Burnet,Alc6e La Branche,10
William Scurlock,David G. Burnet,11
William M. Williams,David G. Burnet,12
D. Rowlett,David G. Bumet,13
David G. Burnet,Alc6e La Branche,14
David G. Burnet,Alc6e La Branche,15
David G. Burnet,Alc6e La Branche,16
D. Rowlett,David G. Bumet,17
David G. Burnet,Richard G. Dunlap,18
Abner S. Lipscomb,Alc6e La Branche,19
Joseph Waples,Barnard E. Bee,20
Abner S. Lipscomb,Geo. H. Flood,21
Joseph Waples,Nathaniel Amory,22
Joseph Waples,Geo. H. Flood,23
Joseph Waples,Geo. H. Flood,24
Joseph Waples,Geo. H. Flood,25
James S. Mayfield,Geo. H. Flood,26
James S. Mayfield,Barnard E. Bee,27
James S. Mayfield,Barnard E. Bee,28
Geo. H. Flood,James S. Mayfield,29
James S. Mayfield,Geo. H. Flood,30
Geo. H. Flood,James S. Mayfield,31
James S. Mayfield,Barnard E. Bee,32
James S. Mayfield,Nathaniel Amory,33
Samuel A. Roberts,Barnard E. Bee,34
Samuel A. Roberts,Barnard E. Bee,35
Samuel A. Roberts,Joseph Eve,36
Samuel A. Roberts,Joseph Eve,37
Samuel A. Roberts,Barnard E. Bee,38
Sam Houston,Joseph Eve,39
Sam Houston,A. B. Roman,40
Sam Houston,A. B. Roman,41
Isaac Van Zandt,Anson Jones,42
Joseph Eve,Anson Jones,43
Isaac Van Zandt,Anson Jones,44
J. C. Spencer,Isaac Van Zandt,45
T. Hartley Crawford,Wm. Armstrong,46
R. Jones,W. Davenport and G. Loomis,47
Isaac Van Zandt,Anson Jones,48
Joseph Eve,Anson Jones,49
M. E. Hale,Joseph Eve,50
Anson Jones,Isaac Van Zandt,51
Anson Jones,Joseph Eve,52
Anson Jones,Isaac Van Zandt,53
Wm. Henry Daingerfield,Anson Jones,54
Anson Jones,Isaac Van Zandt,55
Sam Houston,Joseph Eve,56
Joseph Eve,Joseph Waples,57
Copy and sunmiary of instructions United States Department of State,,58
Joseph Eve,June 15 1841,59
Wm. Henry Daingerfield,Anson Jones,60
Joseph Eve,Anson Jones,61
Isaac Van Zandt,Anson Jones,62
Daniel Webster,Isaac Van Zandt,63
Isaac Van Zandt,William S. Archer,64
Isaac Van Zandt,Anson Jones,65
Isaac Van Zandt,Daniel Webster,66
Joseph Eve,Anson Jones,67
Isaac Van Zandt,Anson Jones,68
Isaac Van Zandt,Anson Jones,69
Anson Jones,Joseph Eve,70
Joseph Eve,Anson Jones,71
Reuben M. Potter,A. M. Green,72
A. M. Green,Joseph Eve,73
Isaac Van Zandt,Anson Jones,74
Sam Houston,Joseph Eve,75
Anson Jones,Isaac Van Zandt,76
Anson Jones,Isaac Van Zandt,77
Joseph W. Robertson,Anson Jones,78
Charles H. Raymond,Anson Jones,79
Anson Jones,Joseph Eve,80
Anson Jones,Joseph Eve,81
Anson Jones,Isaac Van Zandt,82
Jesse Benton,Anson Jones,83
Isaac Van Zandt,Anson Jones,84
Petition of Joseph Cooper,the Texan minister 187,85
Anson Jones,Isaac Van Zandt,86
Joseph Eve,President of Texas [Houston],87
Anson Jones,Isaac Van Zandt,88
Isaac Van Zandt,Anson Jones,89
Anson Jones,Isaac Van Zandt,90
Anson Jones,Isaac Van Zandt,91
Isaac Van Zandt,Anson Jones,92
Isaac Van Zandt,Anson Jones,93
J. M. Porter,H. S. Legar^,94
William Armstrong,T. H. Crawford,95
William Armstrong,T. H. Crawford,96
Charles H. Raymond,Anson Jones,97
Isaac Van Zandt,Anson Jones,98
Isaac Van Zandt,Anson Jones,99
Isaac Van Zandt,Anson Jones,100
Anson Jones,Isaac Van Zandt,101
M. C. Hamilton,Jacob Snively,102
Jacob Snively,Geo. W. HUl,103
Isaac Van Zandt,Anson Jones,104
Isaac Van Zandt,Anson Jones,105
Isaac Van Zandt,Anson Jones,106
W. S. Murphy,Anson Jones,107
Anson Jones,Isaac Van Zandt,108
W. S. Murphy,Anson Jones,109
Isaac Van Zandt,Anson Jones,110
Isaac Van Zandt,Anson Jones,111
A. P. Upshur,Isaac Van Zandt,112
Anson Jones,Isaac Van Zandt,113
Anson Jones,J. Pinckney Henderson,114
Anson Jones,W. S. Murphy,115
Isaac Van Zandt,Anson Jones,116
J. H. Brower,Isaac Van Zandt,117
Isaac Van Zandt,A. P. Upshur,118
Anson Jones,Isaac Van 2iandt,119
Anson Jones,Van Zandt and Henderson,120
Isaac Van Zandt,Anson Jones,121
Isaac Van Zandt,Anson Jones,122
Isaac Van Zandt,Anson Jones,123
Isaac Van Zandt,Anson Jones,124
Anson Jones,Isaac Van Zandt,125
Anson Jones,Isaac Van Zandt,126
Anson Jones,Isaac Van Zandt,127
Van Zandt and Henderson,Anson Jones,128
Sam Houston,Van Zandt and Henderson,129
Sam Houston,Van Zandt and Henderson,130
Anson Jones,Van Zandt and Henderson,131
Sam Houston,Van Zandt and Henderson,132
Isaac Van Zandt,Anson Jones,133
Sam Houston,Van Zandt and Henderson,134
Van Zandt and Henderson,Anson Jones,135
Van Zandt and Henderson,Anson Jones,136
Isaac Van Zandt,Anson Jones,137
Van Zandt and Henderson,Anson Jones,138
Isaac Van Zandt,Anson Jones,139
Isaac Van Zandt,Anson Jones,140
Anson Jones,Isaac Van Zandt,141
A. M. Green,Anson Jones,142
Anson Jones,A. M. Green,143
Anson Jones,Charles H. Raymond,144
Anson Jones's reply,Howard *s address 294,145
Anson Jones,Charles H. Raymond,146
Isaac Van Zandt,Anson Jones,147
J. H. Brower,Isaac Van Zandt,148
Isaac Van Zandt,Anson Jones,149
Wm. Wilkins,John C. Calhoun,150
D. Parker,John C. Calhoun,151
R. Jones,the Secretary of War [of the United States],152
R. Jones,Zachary Taylor,153
Zachary Taylor,AdjutantrGeneral [R. Jones],154
G. Loomis,W. W. S. Bliss,155
Isaac Van Zandt,Anson Jones,156
J. H. Brower,Isaac Van Zandt,157
Isaac Van Zandt,Anson Jones,158
Charles H. Raymond,Anson Jones,159
Charles H. Raymond,Anson Jones,160
Charles H. Raymond,Anson Jones,161
Anson Jones,James Reily,162
Anson Jones,Charles H. Raymond,163
Charles H. Raymond,Anson Jones,164
A. J. Donelson,Anson Jones,165
M.S. CucuUu,John C. Spencer,166
Balie Peyton,M. S. CucuUu,167
Charles H. Raymond,Secretary of State of Texas [Jones],168
John C. Calhoun,Charles H. Raymond,169
Charles H. Raymond,John C. Calhoun,170
A. J. Donelson,Anson Jones,171
Anson Jones,A. J. Donelson,172
Ebenezer Allen,A. J. Donelson,173
A. J. Donelson,Ebenezer Allen,174
Charles H. Raymond,the Secretary of State of Texas [Allen],175
John C. Calhoun,Charles H. Raymond,176
Charles H. Raymond,John C. Calhoun,177
Ebenezer Allen,A. J. Donelson,178
Charles H. Raymond,Ebenezer Allen,179
A. J. Donelson,Ebenezer Allen,180
Ebenezer Allen,Charles H. Raymond,181
Charles H. Raymond,Ebenezer Allen,182
Ebenezer Allen,Charles H. Raymond,183
Charles H. Raymond,Ebenezer Allen,184
Ebenezer Allen,Charles H. Raymond,185
A. J. Donelson,Ebenezer Allen,186
Duff Green,A. J. Donelson,187
A. J. Donelson,Ebenezer Allen,188
Ebenezer Allen,A. J. Donelson,189
Charles H. Raymond,Ebenezer Allen,190
John C. Calhoun,Charles H. Raymond,191
Charles H. Raymond,Ebenezer Allen,192
Charles H. Raymond,John C. Calhoun,193
Ashbel Smith,A. J. Donelson,194
Ashbel Smith,Charles H. Raymond,195
Charles H. Raymond,Ebenezer Allen,196
Charles H. Raymond,John C. Calhoun,197
Charles H. Raymond,John C. Calhoun,198
Charles H. Raymond,Ebenezer Allen,199
Charles H. Raymond,Ebenezer Allen,200
Ashbel Smith,Charles H. Raymond,201
Ashbel Smith,Stewart Newell,202
Charles H. Raymond,Ashbel Smith,203
A. J. Donelson,Ebenezer Allen,204
Charles H. Raymond,Ebenezer Allen,205
Charles H. Raymond,Ebenezer Allen,206
Ebenezer Allen,David S. Kaufman,207
Ebenezer Allen,David S. Kaufman,208
Anson Jones,James K. Polk,209
Ebenezer Allen,William D. Lee,210
T. Hartley Crawford,Andrew J. Donelson,211
E. A. Rhodes,Ebenezer Allen,212
J. Y. Mason,E. A. Rhodes,213
E. A. Rhodes,Ebenezer Allen,214
Anson Jones,Zachary Taylor,215
Ebenezer Allen,E. A. Rhodes,216
William D. Lee,Ebenezer Allen,217
James Buchanan,William D. Lee,218
William D. Lee,James Buchanan,219
David S. Kaufman,Ebenezer Allen,220
David S. Kaufman,James Buchanan,221
William D. Lee,Ebenezer Allen,222
Ebenezer Allen,David S. Kaufman,223
William D. Lee,Ebenezer Allen,224
W. L. Marcy,David S. Kaufman,225
David S. Kaufman,Ebenezer Allen,226
William D. Lee,Ebenezer Allen,227
William D. Lee,James Buchanan,228
Anson Jones,James K. Polk,229
Joseph C. Eldredge,E. A. Rhodes,230
Anson Jones,James K. Polk,231
R. J. Walker,Hiram G. Runnels,232
David G. Burnet,Anto. Lopez de Santa Anna,233
David G. Burnet,Anto. Lopez de Santa Anna,234
David G. Burnet,Anto. Lopez de Santa Anna,235
David G. Burnet,Anto. Lopez de Santa Anna,236
Anto. Lopez de Santa Anna,David G. Burnet,237
Anto. Lopez de Santa Anna,David G. Burnet,238
Anto. Lopez de Santa Anna,David G. Burnet,239
Anto. Lopez de Santa Anna,Sam Houston,240
Stephen F. Austin,Fran. Pizarro Martinez,241
Geo. W. Hockley,Sam Houston,242
Geo. W. Hockley,Sam Houston,243
Barnard E. Bee,Sam Houston,244
Fran. Pizarro Martinez,Stephen F. Austin,245
A. J. Yates,Stephen F. Austin,246
Correspondent in Tampico,T. Toby,247
Correspondent in Tampico,T. Toby,248
Antonio Canales,Mirabeau B. Lamar,249
James Webb,Barnard E. Bee,250
Barnard E. Bee,James Webb,251
James Webb,Barnard E. Bee,252
Barnard E. Bee,James Webb,253
Barnard E. Bee,James Webb,254
Barnard E. Bee,James Webb [April 7 1839,255
Barnard E. Bee,James Webb,256
Barnard E. Bee,James Webb,257
Barnard E. Bee,James Webb,258
Barnard E. Bee,James Webb,259
Barnard E. Bee,James Webb,260
Barnard E. Bee,James Webb,261
Geo. L. Hammeken,James Hamilton,262
Geo. L. Hammeken,James Webb,263
Barnard E. Bee,James Webb,264
Barnard E. Bee,James Webb,265
James Hamilton,Mirabeau B. Lamar,266
J. R. Poinsett,James Hamilton,267
James Hamilton,Mirabeau B. Lamar,268
James Hamilton,R. Copeland,269
Barnard E. Bee,James Webb,270
Barnard E. Bee,James Webb,271
Barnard E. Bee,James Webb,272
James Hamilton,Mirabeau B. Lamar,273
Barnard E. Bee,James Webb,274
Barnard E. Bee,James Webb,275
Barnard E. Bee,James Webb,276
James Webb,Barnard E. Bee,277
Barnard E. Bee,James Webb,278
Barnard E. Bee,James Webb,279
Barnard E. Bee,July [?] 3839 467,280
James Hamilton,Mirabeau B. Lamar,281
Mirabeau B. Lamar,James Treat,282
David G. Burnet,James Treat,283
Barnard E. Bee,David G. Burnet,284
Jacob Barker,Barnard E. Bee,285
James Treat,David G. Burnet,286
David G. Burnet,James Treat,287
James Treat,Mirabeau B. I^mar,288
James Treat,David G. Burnet,289
James Treat,David G. Burnet,290
James Treat,David G. Burnet,291
James Treat,Mirabeau B. I^mar,292
A Friend of Treat in Mexico,a Friend of Treat in New Orleans [Vitalba],293
A Friend of Treat in New Orleans [Vitalba] to James Treat,September,294
James Treat,David G. Bumet,295
James Treat,David G. Burnet,296
James Treat,David G. Burnet,297
James Treat,David G. Burnet,298
A. S. Wright,Wm. Bryan,299
James Treat,David G. Burnet,300
James Treat,David G. Burnet,301
A. S. Wright,William Bryan,302
Juan de Dios Cafiedo,R. Pakenham,303
James Treat,Mirabeau B. Lamar,304
James Treat,Mirabeau B. Lamar,305
James Treat,James Hamilton,306
James Treat,Mirabeau B. Lamar,307
David G. Burnet,James Hamilton,308
A. S. Wright,Wm. Bryan,309
A. S. Wright,John Merle,310
A. S. Wright,Wm. Bryan,311
James Treat,Mirabeau B. Lamar,312
James Hamilton,David G. Burnet,313
James Treat,Mirabeau B. Lamar,314
James Treat,Mirabeau B. Lamar,315
James Treat,Mirabeau B. Lamar,316
James Treat,Mirabeau B. Lamar,317
James Treat,Mirabeau B. Lamar,318
James Treat,Mirabeau B. Lamar,319
Abner S. Lipscomb,Barnard E. Bee,320
James Treat,Mirabeau B. Lamar,321
James Treat,Mirabeau B. Lamar,322
James Treat,Juan de Dios CaAedo,323
James Treat,Juan de Dios Cafiedo,324
James Treat,Juan de Dios Cafiedo,325
James Treat,Mirabeau B. Lamar,326
James Treat,Mirabeau B. Lamar,327
James Treat,Mirabeau B. Lamar,328
James Treat,Mirabeau B. Lamar,329
James Treat,Juan de Dios Cafiedo,330
James Treat,Juan Nepomuceno Almonte,331
James Treat,Juan de Dios Cafiedo,332
James Treat,Juan de Dios Cafiedo,333
James Treat,Juan de Dios Cafiedo,334
James Treat,Mirabeau B. Lamar,335
James Treat,Mirabeau B. Lamar,336
David G. Burnet,James Treat,337
David G. Burnet,R. Pakenham,338
David G. Burnet,R. Pakenham,339
James Treat,Mirabeau B. Lamar,340
James Treat,Mirabeau B. Lamar,341
Propositions of Texas,Mexico,342
James Treat,Mirabeau B. I^mar,343
Abner S. Lipscomb,James Treat,344
Abner S. Lipscomb,Hamilton and Burnley,345
James Treat,Secretary of State [Lipscomb],346
Jas. Ogilvy,R. Pakenham,347
Jas. Ogilvy,R. Pakenham,348
James Treat,Mirabeau B. Lamar,349
James Treat,Mirabeau B. Lamar,350
Correspondent at Vera Cruz,David G. Burnet,351
James Treat,Mirabeau B. Lamar,352
James Treat,Juan de Dios Cafiedo,353
A. S. Wright,Barnard E. Bee,354
Barnard E. Bee,Secretary of State [Lipscomb],355
James Treat,Mirabeau B. Lamar,356
R. Pakenham,David G. Burnet,357
James Treat,Mirabeau B. Lamar,358
A. S. Wright,Barnard E. Bee,359
A. S. Wright,Barnard E. Bee,360
A. S. Wright,Barnard E. Bee,361
A. S. Wright,Barnard E. Bee,362
Barnard E. Bee,Secretary of State [Lipscomb],363
Abner S. Lipscomb,James Hamilton,364
Abner S. Lipscomb,James Treat,365
James Treat,Mirabeau B. Lamar,366
James Treat,Mirabeau B. Lamar,367
James Treat,James Ritchie,368
James Treat,Mirabeau B. Lamar,369
James Treat,Mirabeau B. Lamar,370
Abner S. Lipscomb,James Treat,371
James Treat,Mirabeau B. Lamar,372
James Treat,Abner S. Lipscomb,373
Mirabeau B. Lamar,E. W. Moore,374
A. S. Wright,Barnard E. Bee,375
A. S. Wright,Barnard E. Bee,376
James Treat,Abner S. Lipscomb,377
James Treat,Mirabeau B. Lamar,378
James Treat,Juan de Dios Cafiedo,379
James Treat,Abner S. Lipscomb,380
James Treat,Mirabeau B. Lamar,381
James Treat,Mirabeau B. Lamar,382
James Treat,Abner S. Lipscomb,383
James Treat,Mirabeau B. Lamar,384
A. S. Wright,Barnard E. Bee,385
A. S. Wright,Barnard E. Bee,386
James Treat,Mirabeau B. Lamar,387
James Treat,Abner S. Lipscomb,388
James Treat,E. W. Moore,389
E. W. Moore,James Treat,390
E. W. Moore,Abner S. Lipscomb,391
James Treat,Abner S. Lipscomb,392
Memorandum communicated by Treat,Mexican Government,393
Abner S. Lipscomb,James Treat,394
James Treat,Abner S. Lipscomb,395
Agent of Texas [Treat] to Secretary of State of Mexico [Cafledo],Septem-,396
James Treat,Abner S. Lipscomb,397
James Treat,Abner S. Lipscomb,398
James Treat,Abner S. Lipscomb,399
E. W. Moore,James Treat,400
E. W. Moore,Joaquin Rivas Sayas,401
Joaquin Rivas Sayas,E. W. Moore,402
Nathaniel Amory,Abner S. Lipscomb,403
Juan N. Leplicher,Nathaniel Amory,404
A. S. Wright,Nathaniel Amory,405
Juan Vitalba,Mirabeau B. Lamar,406
James Treat,R. Pakenham,407
James Treat,R. Pakenham,408
James Treat,R. Pakenham,409
R. Pakenham,James Treat,410
R. Pakenham,James Treat,411
R. Pakenham,James Treat,412
R. Pakenham,James Treat,413
James Treat,E. W. Moore,414
James Treat,E. W. Moore,415
A. S. Wright,Mirabeau B. Lamar,416
James S. Mayfield,James Webb,417
Samuel A. Roberts,Cooke and others,418
Samuel A. Roberts,Wm. G. Cooke,419
Samuel A. Roberts,Rafael Uribe,420
Samuel A. Roberts,Van Ness and Morris,421
Mirabeau B. Lamar,Mariano Arista,422
James Webb,James S. Mayfield,423
James Webb,Ignacio de Mora,424
Ignacio de Mora,James Webb,425
James Webb,R. Pakenham,426
R. Pakenham,James Webb,427
Sebastian Canacho,R. Pakenham,428
R. Pakenham,James S. Mayfield,429
James Webb,R. Pakenham,430
James Webb,Mirabeau B. Lamar,431
Samuel A. Roberts,James Webb,432
John D. Morris,Samuel A. Roberts,433
John D. Morris,Samuel A. Roberts,434
Van Ness and Morris,Rafael Uribe [July 18 1841,435
Van Ness and Morris,Carrasco,436
Van Ness and Morris,Mariano Arista,437
Mariano Arista,Van Ness and Morris,438
Brenham and Cooke,Secretary of State [Roberts],439
Anson Jones,James Hamilton,440
Sam Houston,Secretary of State [Jones],441
Sam Houston,February 3 1843,442
G. W. Hill,Adrian Woll,443
Reuben M. Potter,Ashbel Smith,444
Mirabeau B. Lamar,Governor of Yucatan,445
Miguel Barbachano,Mirabeau B. Lamar,446
Martin F. Peraza,Samuel A. Roberts,447
Samuel A. Roberts,Martin F. Peraza,448
Martin F. Peraza,Samuel A. Roberts,449
E. W. Moore,PedrffLemus,450
Pedro Lemus,E. W. Moore,451
Instructions,Peraza,452
Joaquin G. Rej6n,President of Texas,453
Pedro Lemus,Secretary of State [Rej6n],454
R. A. Irion,J. Pinckney Henderson,455
J. Pinckney Henderson,Secretary of State [Irion],456
R. A. Irion,J. Pinckney Henderson,457
J. Pinckney Henderson,Secretary of State [Irion],458
J. Pinckney Henderson,Lord Palmerston,459
Lord Palmerston,J. Pinckney Henderson,460
J. Pinckney Henderson,Lord Palmerston,461
J. Pinckney Henderson,R. A. Irion,462
J. Pinckney Henderson,Lord Palmerston,463
Lord Palmerston,J. Pinckney Henderson,464
J. Pinckney Henderson,Lizardi &lt;k Co.,465
J. Pinckney Henderson,R. A. Irion,466
J. Pinckney Henderson,Lord Palmerston,467
J. Pinckney Henderson,Lord Palmerston,468
Lord Palmerston,J. Pinckney Henderson,469
R. A. Irion,J. Pinckney Henderson,470
J. Pinckney Henderson,R. A. Irion,471
J. Pinckney Henderson,R. A. Irion,472
J. Pinckney Henderson,Lord Palmerston,473
J. Pinckney Henderson,Lord Palmerston,474
J. Pinckney Henderson,Lord Palmerston,475
Lord Palmerston,J. Pinckney Henderson,476
R. A. Irion,Agent of Lloyds,477
R. A. Irion,J. Pinckney Henderson,478
J. Pinckney Henderson,R. A. Irion,479
J. Pinckney Henderson,Lord Palmerston,480
Lord Palmerston,J. Pinckney Henderson,481
J. Pinckney Henderson,Lord Palmerston,482
J. Pinckney Henderson,Lord Palmerston,483
Lord Palmerston,J. Pinckney Henderson,484
J. Pinckney Henderson,Lord Palmerston,485
Lord Palmerston,J. Pinckney Henderson,486
R. A. Irion,J. Pinckney Henderson,487
R. A. Irion,J. Pinckney Henderson,488
R. A. Irion,J. Pinckney Henderson,489
James Hamilton,H. S. Fox,490
H. S. Fox,James Hamilton,491
David G. Burnet,J. Pinckney Henderson,492
J. Pinckney Henderson,Secretary of State [Burnet],493
J. Pinckney Henderson,Secretary of State [Burnet],494
J. Pinckney Henderson,Secretary of State [Burnet],495
James Hamilton,David G. Burnet,496
R. Pakenham,James Hamilton,497
James Hamilton,R. Pakenham,498
James Hamilton,R. Pakenham,499
James Buchanan,E. W. Moore,500
E. W. Moore,James Buchanan,501
James Hamilton,Abner S. Lipscomb,502
James Hamilton,Lord Palmerston,503
James Treat,Mirabeau B. Lamar,504
James Treat,Abner S. Lipscomb,505
R. Pakenham,James Treat,506
James Treat,R. Pakenham,507
Abner S. Lipscomb,R. Pakenham,508
John Taylor,Mirabeau B. Lamar,509
List of negro subjects of Great Britain alleged,be held in slavery in Texas,510
James Hamilton,Abner S. Lipscomb,511
Mirabeau B. Lamar,Lord Russell,512
Joseph Waples,Wm. Barron,513
James Hamilton,Abner S. Lipscomb,514
Geo. S. Mcintosh,Mirabeau B. Lamar,515
James Hamilton,Abner S. Lipscomb,516
James Hamilton,Lord Palmerston,517
Abner S. Lipscomb,Wm. Barron,518
James Hamilton,Mirabeau B. Lamar,519
James Hamilton,Monroe Edwards,520
Lord Palmerston,James Hamilton,521
James Hamilton,Abner S. Lipscomb,522
James Hamilton,Abner S. Lipscomb,523
Hamilton and Burnley,James H. Starr,524
James Hamilton,Abner S. Lipscomb,525
James Hamilton,Lord Palmerston,526
Lord Palmerston,James Hamilton,527
James Hamilton,Mirabeau B. Lamar,528
Lord Palmerston,James Hamilton,529
James S. Mayfield,James Hamilton,530
James S. Mayfield,James Hamilton,531
A. T. Biimley,David G. Burnet,532
Arthur Ikin,James S. Mayfield,533
James Hamilton,James S. Mayfield,534
Samuel A. Roberts,James Hamilton,535
John Crawford,Mirabeau B. Lamar,536
Lord Palmerston,Mirabeau B. Lamar,537
James Hamilton,Samuel A. Roberts,538
Anson Jones,James Hamilton,539
James Hamilton,Anson Jones,540
James Hamilton,Anson Jones,541
James Hamilton,Nathaniel Amory,542
James Hamilton,Anson Jones,543
James Hamilton,Anson Jones,544
Anson Jones,Ashbel Smith,545
Arthur Ikin,Anson Jones,546
Anson Jones,Ashbel Smith,547
Geo. Fisher,Anson Jones,548
Ashbel Smith,Anson Jones,549
Ashbel Smith,Anson Jones,550
Ashbel Smith,Anson Jones,551
Anson Jones,Ashbel Smith,552
Ashbel Smith,Anson Jones,553
Ashbel Smith,Anson Jones,554
Lord Aberdeen,Secretary of State of Texas [Jones],555
Ashbel Smith,Anson Jones,556
Ashbel Smith,Anson Jones,557
Ashbel Smith,Lord Aberdeen,558
Ashbel Smith,Anson Jones,559
Ashbel Smith,Edward Everett,560
Edward Everett,Ashbel Smith,561
Edward Everett,Ashbel Smith,562
Edward Everett,Ashbel Smith,563
Ashbel Smith,Samuel Amory,564
Samuel Amory,George K. Teulon,565
Ashbel Smith,Edward Everett,566
Edward Everett,Ashbel Smith,567
Ashbel Smith,Edward Everett,568
Ashbel Smith,Lord Aberdeen,569
Ashbel Smith,Lord Aberdeen,570
Lord Aberdeen,Ashbel Smith,571
M. P. Russell,Ashbel Smith,572
Ashbel Smith,James Reily,573
Ashbel Smith,Geo. S. Mcintosh,574
Ashbel Smith,Lord Aberdeen,575
M. P. Russell,Ashbel Smith,576
Lord Aberdeen,Ashbel Smith,577
Ashbel Smith,Geo. S. Mcintosh,578
Ashbel Smith,Lord Aberdeen,579
Lord Aberdeen,Ashbel Smith,580
Ashbel Smith,M. P. Russell,581
Joseph Hume,Ashbel Smith,582
Lachlin M. Rate,Ashbel Smith,583
Memorandum concerning War Steamers,be used against Texas,584
Wm. Pringle,Ashbel Smith,585
M. P. Russell,Ashbel Smith,586
William Kennedy,Ashbel Smith,587
Arthur Ikin,Ashbel Smith,588
Ashbel Smith,Arthur Ikin,589
Fox Sons & Co.,July 2 1842,590
Ashbel Smith,Lord Aberdeen,591
Gabriel Shaw,Ashbel Smith,592
Ashbel Smith,Joseph Hume,593
Ashbel Smith,Lachlin M. Rate,594
Wm. Pringle,Ashbel Smith,595
Ashbel Smith,Wm. Pringle,596
Lachlin M. Rate,Ashbel Smith,597
Certificate of Exchange of Ratification of Convention as,Debt be-,598
Ashbel Smith,Anson Jones,599
Ashbel Smith,Anson Jones,600
Ashbel Smith,Wm. Pringle,601
Wm. Pringle,Ashbel Smith,602
Wm. Pringle,Ashbel Smith,603
G. W. Terrell,Ashbel Smith,604
Charles Elliot,Secretary of State [Jones],605
G. W. Terrell,Charles Elliot,606
G. W. Terrell,Lord Aberdeen,607
Ashbel Smith,Lord Aberdeen,608
Charles Elliot,G. W. Terrell,609
Joseph Waples,Charles Elliot,610
Ashbel Smith,Anson Jones,611
Ashbel Smith,Lord Aberdeen,612
Ashbel Smith,H. U. Addington,613
Ashbel Smith,Texan Consuls,614
Ashbel Smith,Anson Jones,615
Ashbel Smith,Lord Aberdeen,616
Charles Elliot,Anson Jones,617
Ashbel Smith,Anson Jones,618
Ashbel Smith,Anson Jones,619
James Hamilton,Anson Jones,620
Ashbel Smith,Anson Jones,621
Ashbel Smith,Anson Jones,622
Lord Aberdeen,Ashbel Smith,623
Lord Aberdeen,Ashbel Smith,624
Lord Aberdeen,Ashbel Smith,625
Ashbel Smith,Lord Aberdeen,626
Charles Elliot,G. W. Terrell,627
James Hamilton,Anson Jones,628
James Hamilton,Anson Jones,629
James Hamilton,Lords of the Treasury,630
H. U. Addington,James Hamilton,631
James Hamilton,Senior Officer of British Navy,632
G. W. Terrell,Charles Elliot,633
G. W. Terrell,Ashbel Smith,634
Charles Elliot,G. W. Terrell,635
Anson Jones,Sam Houston,636
Anson Jones,Charles Elliot,637
Ashbel Smith,Anson Jones,638
Lord Aberdeen,Ashbel Smith,639
Ashbel Smith,Lord Aberdeen,640
Ashbel Smith,Lord Aberdeen,641
Ashbel Smith,Lachlin M. Rate,642
Charles Elliot,Anson Jones,643
Anson Jones,Ashbel Smith,644
Anson Jones,Ashbel Smith,645
Anson Jones,Ashbel Smith,646
Charles Elliot,Anson Jones,647
Sam Houston,Charles Elliot,648
Anson Jones,Ashbel Smith,649
Charles Elliot,Anson Jones,650
Percy W. Doyle,Charles Elliot,651
Anson Jones,Charles Elliot,652
Anson Jones,Ashbel Smith,653
Ashbel Smith,Wm. Henry Daingerfield,654
Ashbel Smith,Anson Jones,655
Charles Elliot,Anson Jones,656
Anson Jones,Charles Elliot,657
Ashbel Smith,Wm. Henry Daingerfield,658
Ashbel Smith,Anson Jones,659
Ashbel Smith,Isaac Van Zandt,660
Ashbel Smith,Isaac Van Zandt,661
Ashbel Smith,Anson Jones,662
Ashbel Smith,Wm. Henry Daingerfield,663
Ashbel Smith,Wm. Henry Daingerfield,664
Ashbel Smith,Wm. Henry Daingerfield,665
Ashbel Smith,Anson Jones,666
Charles Elliot,Anson Jones,667
Anson Jones,Charles Elliot,668
Ashbel Smith,Anson Jones,669
Charles Elliot,Anson Jones,670
Anson Jones,Ashbel Smith,671
Ashbel Smith,Anson Jones,672
Baron de Cetto,Ashbel Smith,673
Ashbel Smith,Baron de Cetto,674
Charles Elliot,Anson Jones,675
Anson Jones,Charles Elliot,676
Anson Jones,Charles Elliot,677
Charles Elliot,Anson Jones,678
Anson Jones,Charles Elliot,679
Anson Jones,Charles Elliot,680
Ashbel Smith,Anson Jones,681
Ashbel Smith,Lord Aberdeen,682
Charles Elliot,Anson Jones,683
Anson Jones,Ashbel Smith,684
Charles Elliot,Anson Jones,685
Charles Elliot,Anson Jones,686
Ashbel Smith,Anson Jones,687
Edward Everett,Ashbel Smith,688
Ashbel Smith,Edward Everett,689
Charles Elliot,Anson Jones,690
Anson Jones,Charles Elliot,691
Anson Jones,Charles Elliot,692
Charles Elliot,Anson Jones,693
Charles Elliot,Anson Jones,694
Ashbel Smith,Anson Jones,695
Ashbel Smith,Anson Jones,696
Anson Jones,Ashbel Smith,697
Ashbel Smith,Anson Jones,698
Holford & Co.,undated 1159,699
Holford & Co.,July 21 1842,700
Anson Jones,Ashbel Smith,701
Ashbel Smith,Anson Jones,702
Ashbel Smith,Anson Jones,703
William Kennedy,Anson Jones,704
Anson Jones,G. W. Terrell,705
Anson Jones,William Kennedy,706
William Kennedy,Anson Jones,707
John Hall,William Kennedy,708
Ebenezer Allen,William Kennedy,709
G. W. Terrell,Ashbel Smith,710
G. W. Terrell,Wm. Henry Daingerfield,711
G. W. Terrell,Ashbel Smith,712
G. W. Terrell,Ashbel Smith,713
Charles Elliot,Ashbel Smith,714
G. W. Terrell,Wm. Henry Daingerfield,715
G. W. Terrell,Ashbel Smith,716
G. W. Terrell,Lord Clarendon,717
G. W. Terrell,Ashbel Smith,718
Ebenezer Allen,Ashbel Smith,719
Ashbel Smith,Ebenezer Allen,720
Ashbel Smith,Secretary of State [Allen],721
Ebenezer Allen,Ashbel Smith,722
Ebenezer Allen,Charles Elliot,723
Charles Elliot,Ebenezer Allen,724
Lord Aberdeen,Charles Elliot,725
Ebenezer Allen,Charles Elliot,726
J. Pinckney Henderson,R. A. Irion,727
J. Pinckney Henderson,Count Mol6,728
J. Pinckney Henderson,Count Mol6,729
Count Mol6,J. Pinckney Henderson,730
J. Pinckney Henderson,Count Mol6,731
R. A. Irion,J. Pinckney Henderson,732
R. A. Irion,J. Pinckney Henderson,733
J. Pinckney Henderson,R. A. Irion,734
J. Pinckney Henderson,Count Mol6,735
J. Pinckney Henderson,Count Mol6,736
Count Mol6,J. Pinckney Henderson,737
J. Pinckney Henderson,Count Mol6,738
J. Pinckney Henderson,Secretary of State [Irion],739
J. Pinckney Henderson,R. A. Irion,740
J. Pinckney Henderson,Mirabeau B. Lamar,741
J. Pinckney Henderson,Secretary of State [Irion],742
Count Mol6,J. Pinckney Henderson,743
J. Pinckney Henderson,Count Mol6,744
J. Pinckney Henderson,Count Mol6,745
J. Pinckney Henderson,Secretary of State [Irion],746
J. Pinckney Henderson,Secretary of State [Bee],747
J. Pinckney Henderson,Mirabeau B. Lamar,748
J. Pinckney Henderson,Barnard E. Bee,749
J. Pinckney Henderson,Barnard E. Bee,750
Abb6 Anduz6,Mirabeau B. Lamar,751
James Webb,Abb6 Anduz6,752
James Webb,Admiral Baudin,753
J. Pinckney Henderson,James Webb,754
J. Pinckney Henderson,James Webb,755
J. Pinckney Henderson,James Webb,756
J. Pinckney Henderson,Secretary of State [Burnet],757
Hamilton and Burnley,Mirabeau B. Lamar,758
James Hamilton,David G. Burnet,759
J. Pinckney Henderson,Secretary of State,760
J. Pinckney Henderson,Secretary of State,761
J. Pinckney Henderson,Secretary of State [Burnet],762
Lewis Cass,J. Pinckney Henderson,763
David G. Burnet,James Hamilton,764
J. Pinckney Henderson,David G. Burnet,765
J. Pinckney Henderson,Secretary of State [Burnet],766
Abner S. Lipscomb,James Hamilton,767
A. de Saligny,Abner S. Lipscomb,768
James Hamilton,Mirabeau B. Lamar,769
A. T. Biimley,Mirabeau B. Lamar,770
James Hamilton,Abner S. Lipscomb,771
James Hamilton,M. Guizot,772
James Hamilton,Abner S. Lipscomb,773
James Hamilton,Henry Castro,774
A. de Saligny,Secretary of State [Mayfield],775
James S. Mayfield,A. de Saligny,776
A. de Saligny,James S. Mayfield,777
James S. Mayfield,A. de Saligny,778
Henry J. Jewett,James S. Mayfield,779
A. de Saligny,James S. Mayfield,780
James S. Mayfield,A. de Saligny,781
A. de Saligny,James S. Mayfield,782
James S. Mayfield,A. de Saligny,783
A. de Saligny,James S. Mayfield,784
James Hamilton,Abner S. Lipscomb,785
James S. Mayfield,A. de Saligny,786
A. de Saligny,James S. Mayfield,787
A. de Saligny,James S. Mayfield,788
James S. Mayfield,A. de Saligny,789
A. de Saligny,James S. Mayfield,790
James S. Mayfield,Thos. Gales Forster,791
James S. Mayfield,Wm. Henry Daingerfield,792
James S. Mayfield,A. de Saligny,793
James S. Mayfield,Geo. S. Mcintosh,794
James S. Mayfield,Henry J. Jewett,795
James S. Mayfield,Geo. S. Mcintosh,796
Wm. Sevey,James S. Mayfield,797
James H. Starr,Wm. Sevey,798
Thos. Gales Forster,James S. Mayfield,799
Henry J. Jewett,James S. Mayfield,800
James S. Mayfield,Henry J. Jewett,801
A. Hutchinson,James S. Mayfield,802
James Hamilton,Mirabeau B. Lamar,803
Nathaniel Amory,James Hamilton,804
Nathaniel Amory,Geo. S. Mcintosh,805
Nathaniel Amory,James Hamilton,806
James Hamilton,James S. Mayfield,807
James Hamilton,M. Guizot,808
James Hamilton,James S. Mayfield,809
James Hamilton,M. Guizot,810
Geo. S. Mcintosh,Secretary of State [Roberts],811
Geo. S. Mcintosh,M. Guizot,812
Geo. S. Mcintosh,M. Guizot,813
M. Guizot,Geo. S. Mcintosh,814
Geo. S. Mcintosh,M. Guizot,815
Samuel A. Roberts,Geo. S. Mcintosh,816
Geo. S. Mcintosh,James S. Mayfield,817
A. de Saligny,Anson Jones,818
Anson Jones,George S. Mcintosh,819
Anson Jones,Ashbel Smith,820
Anson Jones,A. de Saligny,821
Ashbel Smith,Anson Jones,822
Ashbel Smith,Anson Jones,823
A. de Saligny,Anson Jones,824
Alleye de Cyprey,A. de Saligny,825
A. Gloux,Alleye de Cyprey,826
Declaration of Wyse as,goods shipped on Santa Maria,827
Wm. Henry Daingerfield,Secretary of State [Jones],828
A. de Saligny,Sam Houston,829
Memorandum relative,Saligny 's investments in Texan bonds 1368,830
A. de Saligny,Anson Jones,831
Sam Houston,A. de Saligny,832
Anson Jones,A. de Saligny,833
A. de Saligny,Anson Jones,834
Ashbel Smith,Geo. S. Mcintosh,835
Ashbel Smith,Theodore Barbey,836
Geo. S. Mcintosh,Ashbel Smith,837
Henry Castro,Ashbel Smith,838
Ashbel Smith,Geo. S. Mcintosh,839
Henry Castro,Ashbel Smith,840
Henry Castro,Ashbel Smith,841
Henry Castro,Ashbel Smith,842
Theodore Barbey,Ashbel Smith,843
Henry Castro,Ashbel Smith,844
Geo. S. Mcintosh,Ashbel Smith,845
Ashbel Smith,Theodore Barbey,846
Sam Houston,Ashbel Smith,847
Ashbel Smith,Anson Jones,848
Ashbel Smith,Anson Jones,849
Ashbel Smith,Anson Jones,850
Ashbel Smith,M. Guizot,851
Ashbel Smith,Anson Jones,852
Ashbel Smith,Anson Jones,853
Ashbel Smith,Anson Jones,854
Ashbel Smith,Anson Jones,855
Ashbel Smith,Anson Jones,856
Ashbel Smith,Anson Jones,857
M. Guizot,Ashbel Smith,858
Ashbel Smith,M. Guizot,859
M. Guizot,Ashbel Smith,860
Ashbel Smith,M. Guizot,861
Ashbel Smith,Anson Jones,862
G. W. Terrell,Ashbel Smith,863
Anson Jones,Ashbel Smith,864
Anson Jones,Ashbel Smith,865
Anson Jones,Al. Bourgeois,866
Ashbel Smith,Anson Jones,867
Ashbel Smith,Anson Jones,868
Viscount J. de Cramayel,Anson Jones,869
Ashbel Smith,Anson Jones,870
Viscount J. de Cramayel,Anson Jones,871
Anson Jones,Viscount J. de Cramayel,872
Anson Jones,Viscount J. de Cramayel,873
Secretary of State [Jones] to Ashbel Smith,February 26 1843,874
Viscount J. de Cramayel,Anson Jones,875
Ashbel Smith,Anson Jones,876
Ashbel Smith,Anson Jones,877
Ashbel Smith,M. Guizot,878
M. Guizot,Ashbel Smith,879
Ashbel Smith,M. Guizot,880
Ashbel Smith,M. Guizot,881
M. Guizot,Ashbel Smith,882
Ashbel Smith,M. Guizot,883
Ashbel Smith,Anson Jones,884
Ashbel Smith,Anson Jones,885
M. Guizot,Ashbel Smith,886
Ashbel Smith,M. Guizot,887
Henry Castro,Ashbel Smith,888
Ashbel Smith,Henry Castro,889
Sam Houston,Viscount J. de Cramayel,890
Anson Jones,Viscount J. de Cramayel,891
Viscount J. de Cramayel,Anson Jones,892
Wm. Henry Daingerfield,Ashbel Smith,893
Anson Jones,Viscount J. de Cramayel,894
Ashbel Smith,Anson Jones,895
M. Guizot,Ashbel Smith,896
M. Guizot,Ashbel Smith,897
Wm. Henry Daingerfield,Ashbel Smith,898
Anson Jones,Ashbel Smith,899
James Hamilton,Anson Jones,900
A. Somervell,M. C. Hamilton,901
Wm. Henry Daingerfield,Anson Jones,902
Viscount J. de Cramayel,Anson Jones,903
Wm. Henry Daingerfield,Secretary of State [Jones],904
Ashbel Smith,Anson Jones,905
Ashbel Smith,M. Guizot,906
Ashbel Smith,Anson Jones,907
Viscount J. de Cramayel,Anson Jones,908
Sam Houston,Anson Jones,909
Ashbel Smith,Anson Jones,910
Al. Bourgeois,Ashbel Smith,911
Charles de Castell,Al. Bourgeois,912
Ashbel Smith,Al. Bourgeois,913
Anson Jones,Viscount J. de Cramayel,914
Ashbel Smith,Anson Jones,915
Wm. Henry Daingerfield,Ashbel Smith,916
Ashbel Smith,Anson Jones,917
Ashbel Smith,Anson Jones,918
Ashbel Smith,Anson Jones,919
Anson Jones,Ashbel Smith,920
Ashbel Smith,Anson Jones,921
Ashbel Smith,Anson Jones,922
Ashbel Smith,Anson Jones,923
Ashbel Smith,Anson Jones,924
Ashbel Smith,Anson Jones,925
M. Guizot,Anson Jones,926
A. de Saligny,Ashbel Smith,927
Ashbel Smith,A. de Saligny,928
G. W. Terrell,Ashbel Smith,929
Terrell's address,the King of France,930
Reply of the King of France,Terrell's address,931
G. W. Terrell,M. Guizot,932
Ashbel Smith,A. de Saligny,933
A. de Saligny,Ebenezer Allen,934
Ebenezer Allen,A. de Saligny,935
Ashbel Smith,Washington Irving,936
Ashbel Smith,Anson Jones,937
Ashbel Smith,General Sancho,938
Anson Jones,Ashbel Smith,939
Ashbel Smith,Martinez de La Rosa,940
Wm. Henry Daingerfield,Lachlin M. Rate,941
Wm. Henry Daingerfield,Baron Roenne,942
Wm. Henry Daingerfield,G. W. Terrell,943
James Hamilton,Abner S. Lipscomb,944
James Hamilton,Abner S. Lipscomb,945
James Hamilton,Secretary of State [Roberts],946
Anson Jones,Victor Pirson,947
Wm. Henry Daingerfield,Anson Jones,948
Wm. Henry Daingerfield,Count d' Alviella,949
James Hamilton,Abner S. Lipscomb,950
Abner S. Lipscomb,James Hamilton,951
James Hamilton,Abner S. Lipscomb,952
Anson Jones,Wm. Henry Daingerfield,953
Anson Jones,James Hamilton,954
Anson Jones,Wm. Henry Daingerfield,955
Wm. Henry Daingerfield,Anson Jones,956
Henry Castro,Anson Jones,957
Anson Jones,Wm. Henry Daingerfield,958
Wm. Henry Daingerfield,Lachlin M. Rate,959
Wm. Henry Daingerfield,Anson Jones,960
Anson Jones,Wm. Henry Daingerfield,961
Wm. Henry Daingerfield,Anson Jones,962
Wm. Henry Daingerfield,V. Rumpff,963
Wm. Henry Daingerfield,Ashbel Smith,964
Wm. Henry Daingerfield,V. Rumpff,965
Wm. Henry Daingerfield,V. Rumpff,966
Wm. Henry Daingerfield,Anson Jones,967
Wm. Henry Daingerfield,Anson Jones,968
Wm. Henry Daingerfield,Anson Jones,969
Wm. Henry Daingerfield,Senator Gildmeister,970
R. Sieveking,Wm. Henry Daingerfield,971
Wm. Henry Daingerfield,G. W. Terrell,972
Ashbel Smith,Wm. Henry Daingerfield,973
Wm. Henry Daingerfield,Ebenezer Allen,974
Wm. Henry Daingerfield,Ashbel Smith,975
Wm. Henry Daingerfield,R. Sieveking,976
Wm. Henry Daingerfield,Ebenezer Allen,977